id;code;prepared_people;rent_date;rental_units;builder;rental;lease_time;remarks
1;Fiji Dollar Profound Bacon;Macao Equatorial Guinea Vision-oriented;Agent;Human deposit;even-keeled Saint Helena Pound;84666;89711;AI optical invoice
2;Marketing;Dynamic Home Loan Account Tools;Branding;Home Gloves Latvia;Ports Manager Fish;1807;23724;circuit navigate
3;program alarm;Nevada;Berkshire;dedicated Persevering;Coordinator Cambridgeshire Investor;43439;79481;Borders North Dakota
4;CSS Re-contextualized;local Shoes;Intelligent Frozen Sausages Villages;Human;back up Factors;33075;42818;Planner Strategist
5;Incredible functionalities fuchsia;infrastructure;mesh;Configuration UIC-Franc;Ergonomic Concrete Soap Zambian Kwacha;35864;14008;Bedfordshire
6;portal calculating Metal;real-time discrete redundant;Synergistic Personal Loan Account Sleek;Borders;olive Handcrafted Cotton Bacon Unbranded Fresh Pants;2761;37558;Practical North Dakota
7;implementation;Wallis and Futuna;generating;Computers Small Fresh Gloves back-end;interface;82786;76999;lavender
8;Club backing up;Iran;Philippine Peso Metal;Strategist;card Licensed Cotton Ball;43352;43897;Gorgeous Electronics Brand
9;infomediaries Som Rustic Frozen Keyboard;Enterprise-wide Benin;Tuna Response invoice;alarm Jamaica;system Gorgeous Rubber Pants;15864;75784;Garden
10;Small;Incredible Fresh Chips;Shoes Music connect;Hollow Shoes systems;Generic Frozen Tuna HTTP;26089;37461;Personal Loan Account
